name,street,city,state,zip,capacity,license_id,license_type,status
Esplanade of Woodmere,130 Irving Place,Woodmere,NY,11598,70,400-F-345,Adult Home,
The Country House in Westchester,2000 Baldwin Road,Yorktown Heights,NY,10598,100,800-F-138,Adult Home,
Kenwood Manor,141 Rockefeller Road,Delmar,NY,12054,67,000-F-317,Adult Home,
Kenwood Manor,141 Rockefeller Road,Delmar,NY,12054,67,000-F-317,Adult Home,
Camillus Ridge Terrace,2453 W. Genesee Turnpike,Camillus,NY,13031,56,520-F-157,Adult Home,
Greece Long Pond Senior Housing,1 GBC Parkway,Rochester,NY,14626,30,370-S-857,Enriched Housing Program,
Garden House For Adults,91 Walnut Street,Binghamton,NY,13905,24,030-F-038,Adult Home,
Hultquist Place,715 Falconer Street,Jamestown,NY,14701,96,060-E-015,Adult Home,
The Eliot at Erie Station ALP,10 - 18 John Street,Middletown,NY,10940,136,540-F-028,Adult Home,
Sunrise at East 56th,139 East 56th Street,New York,NY,10022,182,420-S-399,Enriched Housing Program,
Heritage Manor of Lockport,41 Lexington Court,Lockport,NY,14094,64,500-E-018,Adult Home,
The Hearth at Castle Gardens,1715 Castle Gardens Road,Vestal,NY,13850,58,030-S-044,Enriched Housing Program,
Focus Senior Living at Utica,1445 Kemble Street,Utica,NY,13501,110,510-S-061,Enriched Housing Program,
Parkview Home for Adults,3200 Bronx Boulevard,Bronx,NY,10467,134,020-F-131,Adult Home,
Ashley Woods,400 YMCA Way,Penfield,NY,14526,40,370-S-865,Enriched Housing Program,
Ashley Woods,400 YMCA Way,Penfield,NY,14526,30,370-E-206,Adult Home,
Adirondack Manor HFA D.B.A Scotia Mansion,39 Wallace Street,Scotia,NY,12302,49,650-F-078,Adult Home,
St. Louise Manor,861 Front Street,Binghamton,NY,13905,52,030-E-052,Adult Home,
Eden Heights of Olean,161 South Twenty-Fifth Street,Olean,NY,14760,120,040-F-028,Adult Home,
Sage Harbor at Baywinde,100 Kidd Castle Way,Webster,NY,14580,88,370-F-236,Adult Home,
Brookdale Ithaca Memory Care,101 Bundy Road,Ithaca,NY,14850,36,730-F-001,Adult Home,
Crestview Manor ALP,150 Old Saw Mill River Road,Hawthorne,NY,10532,76,800-F-129,Adult Home,
The Landing at Queensbury,27 Woodvale Road,Queensbury,NY,12804,88,750-S-003,Enriched Housing Program,
"Fairlawn Adult Home, Inc.",301 Eighth Avenue,East Northport,NY,11731,30,700-F-898,Adult Home,
"Manor Haven Adult Home, Inc.",222 Columbia Street,Huntington Station,NY,11746,32,700-F-896,Adult Home,
Rodden Home,15 Wittridge Street,Lake Ronkonkoma,NY,11779,23,700-F-109,Adult Home,
Hidden Gem Home for Adults,11 Wittridge Street,Lake Ronkonkoma,NY,11779,18,700-F-085,Adult Home,
Brookdale Niskayuna,1786 Union Street,Niskayuna,NY,12309,110,650-S-071,Enriched Housing Program,
New Gloria's Manor Home for Adults,140 Beach 119th Street,Rockaway Park,NY,11694,172,590-F-307,Adult Home,
Ashton Place,190 Ashton Court,Clifton Springs,NY,14432,60,530-S-005,Enriched Housing Program,
Loretto EHP #1 Bernardine Apartments,417 Churchill Avenue,Syracuse,NY,13205,148,520-S-054,Enriched Housing Program,
Fairport Baptist Homes Adult Care Facility,4646 Nine Mile Point Road,Fairport,NY,14450,42,370-E-202,Adult Home,
Juniper Glen Alzheimer's Special Care Center,8820 Transit Road,East Amherst,NY,14051,66,240-F-894,Adult Home,
Orchard Estate of Woodbury,900 Woodbury Road,Woodbury,NY,11797,105,400-F-339,Adult Home,
The Club at Briarcliff Manor,25 Scarborough Road,Briarcliff Manor,NY,10510,145,800-S-157,Enriched Housing Program,
GreenField Terrace,5979 Broadway Street,Lancaster,NY,14086,56,240-E-013,Adult Home,
Sue's Rest,396 Canisteo Street,Hornell,NY,14843,14,690-F-019,Adult Home,
Manor Hills,4192-B Bolivar Road,Wellsville,NY,14895,137,010-F-017,Adult Home,
Canterbury Woods Gates Circle,1 Gates Circle,Buffalo,NY,14209,5,240-S-127,Enriched Housing Program,
Canterbury Woods,725 Renaissance Drive,Williamsville,NY,14221,32,240-S-106,Enriched Housing Program,
Brookdale Kenmore,2971 Delaware Avenue,Kenmore,NY,14217,120,240-S-113,Enriched Housing Program,
Kings Adult Care Center,2255 Cropsey Avenue,Brooklyn,NY,11214,200,331-F-281,Adult Home,
Loudonville Assisted Living Residence,298 Albany Shaker Road,Loudonville,NY,12211,105,000-F-304,Adult Home,
Buckley Landing Enriched Housing Site #6,7430 Buckley Road,North Syracuse,NY,13212,90,520-S-121,Enriched Housing Program,
Woodhaven Home for Adults,1350 Route 112,Port Jefferson Sta.,NY,11776,181,700-F-905,Adult Home,
Oyster Bay Manor,150 South Street,Oyster Bay,NY,11771,72,400-F-313,Adult Home,
"Bayview Rest Home, LLC",143 East Main Street,Babylon,NY,11702,75,700-F-908,Adult Home,
The Bristal at Lake Success,69 North Service Road,Lake Success,NY,11020,110,400-F-337,Adult Home,
Harbor House,150 South Street,Oyster Bay,NY,11771,136,400-F-305,Adult Home,
Seabury Woods,110 Dalaker Drive,Rochester,NY,14624,85,370-S-841,Enriched Housing Program,
Legacy at Maiden Park,749 Maiden Lane,Rochester,NY,14615,98,370-F-254,Adult Home,
Atria on the Hudson,321 North Highland Avenue,Ossining,NY,10562,185,800-S-147,Enriched Housing Program,
Willow Towers EHP,355 Pelham Road,New Rochelle,NY,10805,150,800-S-131,Enriched Housing Program,
The Fountains at RiverVue,1 Rivervue Place,Tuckahoe,NY,10707,141,800-F-981,Adult Home,
Chelsea at Greenburgh,715 Dobbs Ferry Road,Greenburgh,NY,10607,137,800-F-004,Adult Home,
Artis Senior Living of Briarcliff Manor,553 North State Road,Briarcliff Manor,NY,10510,64,800-F-002,Adult Home,
Willow Gardens,60 Willow Drive,New Rochelle,NY,10805,51,800-E-136,Adult Home,
Woodland Pond at New Paltz,100 Woodland Pond Circle,New Paltz,NY,12561,60,740-S-010,Enriched Housing Program,
The Bristal at Holtsville,5535 Expressway Drive North,Holtsville,NY,11742,166,700-S-309,Enriched Housing Program,
Brightview Sayville,455 Broadway Avenue,Sayville,NY,11782,92,700-F-947,Adult Home,
Birchwood Suites,423 Clay Pitts Road,East Northport,NY,11731,95,700-F-943,Adult Home,
Brandywine Senior Living at Huntington Terrace,70 Pinelawn Road,Melville,NY,11747,54,700-F-919,Adult Home,
Gurwin Jewish Fay J. Lindner Residence,50 Hauppauge Road,Commack,NY,11725,65,700-E-288,Adult Home,
"Kingsway Manor, LLC",357 Kings Road,Schenectady,NY,12304,140,650-F-103,Adult Home,
Artis Senior Living of Chestnut Ridge,801 Chestnut Ridge Road,Chestnut Ridge,NY,10977,64,620-F-099,Adult Home,
Brightview Lake Tappan,31 Hunt Road,Orangeburg,NY,10962,85,620-F-097,Adult Home,
Brandywine Assisted Living at The Savoy,55-15 Little Neck Parkway,Little Neck,NY,11362,160,590-S-305,Enriched Housing Program,
St. Francis Commons,12 Burkle Street,Oswego,NY,13126,60,560-E-009,Adult Home,
Peregrine Senior Living at Onondaga Hill,4701 Peregrine Way,Syracuse,NY,13207,68,520-F-171,Adult Home,
Keepsake Village at Greenpoint,138 Old Liverpool Road,Liverpool,NY,13088,57,520-F-143,Adult Home,
Wheatfield Commons,3920 Forest Parkway,North Tonawanda,NY,14120,114,500-E-014,Adult Home,
The Amsterdam at Harborside,300 East Overlook,Port Washington,NY,11050,55,400-S-320,Enriched Housing Program,
The Bristal at East Meadow,40 Merrick Ave.,East Meadow,NY,11554,151,400-S-299,Enriched Housing Program,
Grande'Vie Senior Living,2140 Five Mile Line Road,Penfield,NY,14526,178,370-F-250,Adult Home,
Grande'ville Senior Living Community,555 Maiden Lane,Rochester,NY,14616,115,370-F-230,Adult Home,
Heather Heights of Pittsford,160 West Jefferson Road,Pittsford,NY,14534,120,370-F-220,Adult Home,
RPH East,20 Crossing Creek Drive,Fairport,NY,14450,64,370-E-204,Adult Home,
Rochester Presbyterian Home,256 Thurston Road,Rochester,NY,14619,102,370-E-022,Adult Home,
The Watermark at Brooklyn Heights,21 Clark Street,Brooklyn,NY,11201,256,331-S-016,Enriched Housing Program,
The Belvedere,5110 19th Avenue,Brooklyn,NY,11204,200,331-F-288,Adult Home,
Genesee Adult Home,278 Bank Street,Batavia,NY,14020,80,290-F-007,Adult Home,
Peregrine's Landing Senior Community,575 Cayuga Creek Road,Cheektowaga,NY,14227,112,240-S-109,Enriched Housing Program,
Elderwood Village at Bassett Park,245 Bassett Road,Williamsville,NY,14221,105,240-F-898,Adult Home,
Orchard Heights,5200 Chestnut Ridge Road,Orchard Park,NY,14127,200,240-F-884,Adult Home,
Brothers of Mercy Sacred Heart Home,4526 Ransom Road,Clarence,NY,14031,96,240-E-845,Adult Home,
Walden Place,839 Bennie Rd.,Cortland,NY,13045,86,210-F-030,Adult Home,
Fredonia Place,50 Howard Street,Fredonia,NY,14063,84,060-S-003,Enriched Housing Program,
Good Shepherd Village at Endwell,14 Village Drive,Endwell,NY,13760,32,030-E-050,Adult Home,
Hilltop Manor West,286 Deyo Hill Road,Johnson City,NY,13790,98,030-E-008,Adult Home,
Marjorie Doyle Rockwell Center,18 Pasinella Way,Cohoes,NY,12047,52,000-E-283,Adult Home,
RPH-West,48 Cottage Grove Circle,North Chili,NY,14514,52,370-E-200,Adult Home,
Promenade at Blue Hill,582 Veterans Memorial Drive,Pearl River,NY,10965,61,620-F-085,Adult Home,
Ingersoll Place,3359 Consaul Road,Schenectady,NY,12304,78,650-E-007,Adult Home,
Fredonia Place of Williamsville,201 Reist Street,Williamsville,NY,14221,99,240-F-904,Adult Home,
Tennyson Court,49 Tennyson Court,Williamsville,NY,14221,93,240-F-874,Adult Home,
Bethany Village,3005 Watkins Road,Horseheads,NY,14845,144,070-E-002,Adult Home,
"Evergreen Place, Enhanced, Assisted Living & Memory Care",90 West Avenue,Brockport,NY,14420,114,370-S-849,Enriched Housing Program,
Garden House,2720 North Forest Road,Getzville,NY,14068,48,240-S-121,Enriched Housing Program,
Mary Agnes Manor ALP,307 Porter Avenue,Buffalo,NY,14201,230,240-F-868,Adult Home,
The Kensington,100 Maple Avenue,White Plains,NY,10601,130,800-F-988,Adult Home,
Rainier Grove at Cherry Ridge,900 Cherry Ridge Road,Webster,NY,14580,87,370-F-229,Adult Home,
Islip Pearl Garden,36 Locust Avenue,Islip,NY,11751,26,700-F-963,Adult Home,
Promenade at Tuxedo Place,40 Hospital Road,Tuxedo,NY,10987,89,540-F-030,Adult Home,
Inspir Carnegie Hill,1802 2nd Avenue,New York,NY,10128,100,420-S-397,Enriched Housing Program,
Inspir Carnegie Hill,1802 2nd Avenue,New York,NY,10128,158,420-F-381,Adult Home,
Sedgwick Heights,1100 James Street,Syracuse,NY,13203,154,520-E-091,Adult Home,
Absolutcare of Orchard Brooke,6060 Armor Road,Orchard Park,NY,14127,80,240-F-878,Adult Home,
Dosberg Manor,2680 North Forest Road,Amherst,NY,14068,96,240-E-141,Adult Home,
Westminster Manor,81 South Street,Auburn,NY,13021,37,050-E-002,Adult Home,
Judson Meadows,39 Swaggertown Road,Glenville,NY,12302,80,650-S-009,Enriched Housing Program,
The Brielle at Seaview,140 Friendship Lane,Staten Island,NY,10314,188,610-E-012,Adult Home,
Pine Harbour,15 New Hampshire Street,Plattsburgh,NY,12903,66,090-S-001,Enriched Housing Program,
The Cloisters,171 North Maple Street,Warsaw,NY,14569,48,900-F-005,Adult Home,
Signature Senior Living,631 Foster Avenue,Brooklyn,NY,11230,199,331-F-022,Adult Home,
Sanford Home,140-40 Sanford Avenue,Flushing,NY,11355,200,590-F-142,Adult Home,
Valehaven Home for Adults,"2989 North Main Street, Box 683",Peru,NY,12972,40,090-F-003,Adult Home,
Adirondack Manor HFA D.B.A Adirondack Manor HFA ALP,653 Bay Road,Queensbury,NY,12804,60,750-F-046,Adult Home,
The Sentinel of Rockland,200 Rella Blvd,Montebello,NY,10901,200,620-F-103,Adult Home,
Bridges Cornell Heights - The Colonial,403 Wyckoff Avenue,Ithaca,NY,14850,9,730-F-002,Adult Home,
Elderwood Village at Williamsville,5271 Main Street,Williamsville,NY,14221,110,240-S-115,Enriched Housing Program,
The Landing of Brighton,1350 Westfall Road,Rochester,NY,14618,121,370-S-197,Enriched Housing Program,
Sachem Adult Home,1298 Coates Avenue,Holbrook,NY,11741,46,700-F-935,Adult Home,
The Waterford on the Bay,2900 Bragg Street,Brooklyn,NY,11235,200,331-F-272,Adult Home,
Willow Ridge Pointe,1 Prospect Street,Mechanicville,NY,12118,13,640-F-044,Adult Home,
Yorktown Assisted Living Residence,2276 Catherine Street,Cortlandt Manor,NY,10567,85,800-F-134,Adult Home,
Park Terrace at Radisson,2981 Town Center Road,Baldwinsville,NY,13027,65,520-F-169,Adult Home,
Cobbs Hill Manor,1175 Monroe Avenue,Rochester,NY,14620,127,370-F-242,Adult Home,
Brightview Tarrytown,581 Old White Plains Rd,Tarrytown,NY,10591,107,800-F-131,Adult Home,
The Terraces at Brookmeade,54 Brookmeade Drive,Rhinebeck,NY,12572,29,230-S-001,Enriched Housing Program,
Orchard Grove Residences,2000 Southwestern Drive W. E.,Jamestown,NY,14701,36,060-E-040,Adult Home,
Legacy at Cranberry Landing,300 Cranberry Landing Drive,Rochester,NY,14609,78,370-F-252,Adult Home,
Castle Gardens Keepsake Village,1715 Castle Gardens Road,Vestal,NY,13850,48,030-F-062,Adult Home,
Eastern Star Home,8290 State Route 69,Oriskany,NY,13424,14,510-E-067,Adult Home,
Brookdale Williamsville,6076 Main Street,Williamsville,NY,14221,52,240-F-851,Adult Home,
The Eliot at New Rochelle,41 Lockwood Ave.,New Rochelle,NY,10801,200,800-F-011,Adult Home,
Family Srvs/Rochester EHP2 Jonathan Child Project,399 Colvin Avenue,Rochester,NY,14611,30,370-S-132,Enriched Housing Program,
Harbor View Home for Adults,3900 Shore Parkway,Brooklyn,NY,11235,162,331-F-282,Adult Home,
The Sentinel of Mohegan Lake,3441 Lexington Avenue,Mohegan Lake,NY,10547,188,800-F-013,Adult Home,
The 80th Street Residence,430 East 80th Street,New York,NY,10075,70,420-F-379,Adult Home,
The W Assisted Living at Riverdale Home for Adults,6355 Broadway,Bronx,NY,10471,256,020-F-133,Adult Home,
Somerset Gardens,150 Sunnyside Boulevard,Plainview,NY,11803,160,400-S-318,Enriched Housing Program,
Palisade Gardens,185 Palisade Avenue,Yonkers,NY,10703,106,800-F-971,Adult Home,
Loretto Village Apts. Enriched Housing Site #5,750 East Brighton Avenue,Syracuse,NY,13205,79,520-S-120,Enriched Housing Program,
Meadowbrook Terrace Assisted Living Facility,21957 Cole Road,Carthage,NY,13619,60,330-E-004,Adult Home,
Home Sweet Home on the Hudson,38 Prospect Avenue,Catskill,NY,12414,60,300-F-032,Adult Home,
The Villa at Westhampton,68 Old Country Road,Westhampton,NY,11977,100,700-F-939,Adult Home,
The Inn at Menorah Park,4101 East Genesee Street,Syracuse,NY,13214,61,520-E-095,Adult Home,
The Nottingham Memory Care Residence,1307 Nottingham Road,Jamesville,NY,13078,24,520-E-097,Adult Home,
Promenade at University Place,1228 Western Avenue,Albany,NY,12203,200,000-F-315,Adult Home,
Amber Court of Smithtown,130-132 Lake Avenue,Nesconset,NY,11767,186,700-F-945,Adult Home,
The Bristal at Mount Sinai,400 Sutton Court,Mount Sinai,NY,11766,157,700-S-315,Enriched Housing Program,
The Bristal at West Babylon,520 Montauk Highway (Unit A),West Babylon,NY,11704,187,700-S-313,Enriched Housing Program,
Mountain Valley Manor,373-421 Wilbur Avenue,Kingston,NY,12401,53,740-F-078,Adult Home,
Babylon Beach House Home for Adults,23 Yacht Club Road,Babylon,NY,11702,67,700-F-131,Adult Home,
"Eger Harbor House, Inc.",110 Meisner Avenue,Staten Island,NY,10306,75,610-S-001,Enriched Housing Program,
"The Sentinel of Amsterdam, LLC",10 Market Street,Amsterdam,NY,12010,150,380-F-047,Adult Home,
The Inn at Millbrook,560 Flint Road,Millbrook,NY,12545,40,230-F-066,Adult Home,
McPeak's Adult Home,286 North Ocean Avenue,Patchogue,NY,11772,51,700-F-051,Adult Home,
Clara Welch Thanksgiving Home,48 Grove Street,Cooperstown,NY,13326,26,570-E-002,Adult Home,
"West Side Federation For Senior And Supportive Housing, Inc.",109 West 129th Street,New York,NY,10027,99,420-E-377,Adult Home,
Home Sweet Home of Athens,71 Second Street,Athens,NY,12015,24,300-F-034,Adult Home,
Robynwood Assisted Living,43 Walnut Street,Oneonta,NY,13820,49,570-F-053,Adult Home,
Atria Shaker,345 Northern Boulevard,Albany,NY,12204,171,000-S-011,Enriched Housing Program,
Village Green A Carlisle Assisted Living Community,90 Schoolhouse Road,Levittown,NY,11756,103,400-F-341,Adult Home,
305 West End Assisted Living,305 West End Avenue,New York,NY,10023,200,420-S-393,Enriched Housing Program,
The Bristal at Lynbrook,8 Freer Street,Lynbrook,NY,11563,200,400-F-335,Adult Home,
Atria Park of Lynbrook,100 Peninsula Boulevard,Lynbrook,NY,11563,140,400-F-326,Adult Home,
Brookdale Pittsford,159 Sully's Trail,Pittsford,NY,14534,52,370-F-217,Adult Home,
Eden Heights,4071 Hardt Road,Eden,NY,14057,120,240-F-900,Adult Home,
Shire Senior Living Assisted Living Program,2515 Culver Road,Rochester,NY,14609,200,370-F-240,Adult Home,
Amber Court of Brooklyn,650 East 104th Street,Brooklyn,NY,11236,224,331-F-284,Adult Home,
Amber Court of Westbury,3400 Brush Hollow Road,Westbury,NY,11590,225,400-F-325,Adult Home,
Updyke's Willow Ridge Quality Care Facility,131 Hornell Street,Hornell,NY,14843,40,690-F-046,Adult Home,
The Athenaeum of Skaneateles,150 Genesee Street,Skaneateles,NY,13152,16,520-F-159,Adult Home,
"Hyde Park Assisted Living Facility, Inc.",394 Violet Avenue,Poughkeepsie,NY,12601,78,230-F-282,Adult Home,
Ghent Assisted Living,30 Whittier Way,Ghent,NY,12075,80,200-F-022,Adult Home,
Promenade at Middletown,70 Fulton Street,Middletown,NY,10940,200,540-F-032,Adult Home,
Woodcrest Commons,4455 West Henrietta Road,Henrietta,NY,14467,120,370-E-198,Adult Home,
Promenade at Chestnut Ridge,168 Red Schoolhouse Road,Chestnut Ridge,NY,10977,198,620-F-081,Adult Home,
"Mariners Residence, Inc.",2099 Forest Avenue,Staten Island,NY,10303,200,610-F-066,Adult Home,
Glenwell,2248 Old Union Road,Cheektowaga,NY,14227,120,240-E-146,Adult Home,
Vassar-Warner Home,52 South Hamilton Street,Poughkeepsie,NY,12601,58,230-E-014,Adult Home,
South Bay Adult Home,"33 Cottontail Run, Box 601",Center Moriches,NY,11934,39,700-F-937,Adult Home,
Foltsbrook Center for Senior Living,104 North Washington Street,Herkimer,NY,13350,80,320-E-008,Adult Home,
Maplewood Assisted Living,205 State Street Road,Canton,NY,13617,48,630-E-008,Adult Home,
Peregrine Senior Living at Colonie,5 South Family Drive,Colonie,NY,12205,68,000-F-312,Adult Home,
Amber Court of Pelham Gardens,1800 Waring Avenue,Bronx,NY,10469,200,020-F-817,Adult Home,
Horizons,3132 State Route 21 South,Canandaigua,NY,14424,76,530-E-051,Adult Home,
"The Eliot at Troy, LLC",2902 Upper Tibbits Avenue,Troy,NY,12180,155,600-F-252,Adult Home,
The Avalon Assisted Living and Wellness Center,1629 Route 376,Wappingers Falls,NY,12590,76,230-F-068,Adult Home,
Dutchess Care,186 Washington Street,Poughkeepsie,NY,12601,92,230-F-044,Adult Home,
"Cedarbrook Village, Incorporated",101 Sitrin Lane,New Hartford,NY,13413,65,510-S-064,Enriched Housing Program,
"Bristol Village, Inc.",8455 Clarence Center Road,Clarence Center,NY,14032,142,240-S-107,Enriched Housing Program,
The Hearth on James,830 James Street,Syracuse,NY,13203,60,520-S-135,Enriched Housing Program,
Adirondack Manor HFA D.B.A. Willow Park HFA,1550 Herkimer Road,Utica,NY,13502,60,510-F-055,Adult Home,
St. Mary's Manor,60 Doughty Boulevard,Inwood,NY,11096,28,400-S-312,Enriched Housing Program,
New South Shore Manor,1041 East 83rd Street,Brooklyn,NY,11236,74,331-F-266,Adult Home,
Massry Residence at Daughters of Sarah,182 Washington Ave. Extension,Albany,NY,12203,70,000-S-006,Enriched Housing Program,
Helen Keller National Center,111 Middle Neck Road,Sands Point,NY,11050,52,400-E-040,Adult Home,
The Terrace at Woodland,8299 Turin Road,Rome,NY,13440,60,510-F-059,Adult Home,
Clark Meadows at Ferris Hills,One Clark Meadows,Canandaigua,NY,14424,54,530-S-003,Enriched Housing Program,
Underwood Manor,"4460 Union Hill Road, R.D. #1",Hinsdale,NY,14743,32,040-F-024,Adult Home,
Seneca Lake Terrace Assisted Living Center,3670 Pre-emption Road County Rd. #6,Geneva,NY,14456,66,530-F-059,Adult Home,
Elderwood Assisted Living at Wheatfield,2600 Niagara Falls,Niagara Falls,NY,14304,65,500-F-103,Adult Home,
Peregrine's Landing at Orchard Park,101 Sterling Drive,Orchard Park,NY,14127,52,240-F-827,Adult Home,
Green Hills Estate,1 South Route 9W,Haverstraw,NY,10927,164,620-F-038,Adult Home,
Danforth Adult Care Center,19 Danforth Street,Hoosick Falls,NY,12090,80,600-F-254,Adult Home,
Long Island Living Center,431 Beach 20th Street,Far Rockaway,NY,11691,306,590-F-328,Adult Home,
Brookhaven Care Center,111 Beaverdam Road,Brookhaven,NY,11719,182,700-F-290,Adult Home,
The Eliot at Catskill,122 Jefferson Heights,Catskill,NY,12414,98,300-F-033,Adult Home,
Valley Vista Adult Home and Assisted Living Program,141 North Road,Highland,NY,12528,89,740-F-076,Adult Home,
The Sentinel of Port Jervis,2247 Greenville Turnpike,Port Jervis,NY,12771,160,540-F-040,Adult Home,
Oceanview Manor Home for Adults,3010 West 33rd Street,Brooklyn,NY,11224,176,331-F-270,Adult Home,
Braemar Living at Wallkill,21 Riverside Drive,Middletown,NY,10941,200,540-F-036,Adult Home,
Victor Views Assisted Living,1440 State Route 444,Victor,NY,14564,12,530-F-063,Adult Home,
Castle Senior Living at Forest Hills,108-25 Horace Harding,Forest Hills,NY,11368,177,590-S-307,Enriched Housing Program,
Heritage Manor of Ransomville Assisted Living Program,3509 Ransomville Road,Ransomville,NY,14131,142,500-F-099,Adult Home,
Sunrise of West Babylon,580 Montauk Highway,West Babylon,NY,11704,110,700-F-924,Adult Home,
The Terrace at the Glen at Hiland Meadows,71 Longview Drive,Queensbury,NY,12804,52,750-S-002,Enriched Housing Program,
Brookdale Niagara Memory Care,6751 Nash Road,North Tonawanda,NY,14120,40,500-F-095,Adult Home,
Elderwood Assisted Living at Hamburg,76 Buffalo Street,Hamburg,NY,14075,103,240-S-117,Enriched Housing Program,
The Bristal at Lake Grove,2995 Middle Country Road,Lake Grove,NY,11755,155,700-S-311,Enriched Housing Program,
Atria Penfield,2006 Five Mile Line Road,Penfield,NY,14526,120,370-F-212,Adult Home,
Atria Tanglewood,125 Ocean Avenue,Lynbrook,NY,11563,160,400-F-306,Adult Home,
Jeff Senior Living,4804 Route 52- East Main Street,Jeffersonville,NY,12748,11,710-F-066,Adult Home,
Jeffersonville Senior Living,4806 Route 52,Jeffersonville,NY,12748,49,710-F-068,Adult Home,
Gurwin Jewish Fay J. Lindner Residence,50 Hauppauge Road,Commack,NY,11725,200,700-S-289,Enriched Housing Program,
Maplewood Commons,1015 Saw Mill River Road,Ardsley,NY,10502,80,800-S-149,Enriched Housing Program,
Woodview Court,1015 Saw Mill River Road,Ardsley,NY,10502,40,800-F-998,Adult Home,
Atria Briarcliff Manor,1025 Pleasantville Road,Briarcliff Manor,NY,10510,200,800-F-996,Adult Home,
Atria Bay Shore,53 Ocean Ave.,Bay Shore,NY,11706,116,700-S-305,Enriched Housing Program,
Atria South Setauket,4089 Nesconset Highway,Centereach,NY,11720,200,700-F-933,Adult Home,
Atria Huntington,165 Beverly Road,Huntington,NY,11746,198,700-F-931,Adult Home,
Atria East Northport,10 Cheshire Place,East Northport,NY,11731,200,700-F-929,Adult Home,
Assisted Living at Northern Riverview,89 South Route 9W,Haverstraw,NY,10927,105,620-E-019,Adult Home,
Atria Forest Hills,112-50 72nd Avenue,Forest Hills,NY,11375,90,590-S-313,Enriched Housing Program,
Heritage at The Plains at Parish Homestead,163 Heritage Circle,Oneonta,NY,13820,53,570-F-051,Adult Home,
Atria West 86,333 West 86th Street,New York,NY,10024,189,420-S-389,Enriched Housing Program,
The Bristal at Garden City,1001 Axinn Avenue,Garden City,NY,11530,170,400-S-330,Enriched Housing Program,
Atria Glen Cove,146 Glen Street,Glen Cove,NY,11542,128,400-S-324,Enriched Housing Program,
Atria Plainview,12 Washington Avenue,Plainview,NY,11803,99,400-F-329,Adult Home,
Atria Greece,150 Towngate Road,Rochester,NY,14626,79,370-F-210,Adult Home,
Morgan Estates,4588 Morgan View Road,Geneseo,NY,14454,78,350-F-008,Adult Home,
The Manor House,427 East Main Street,Batavia,NY,14020,60,290-S-003,Enriched Housing Program,
Elderwood Assisted Living at West Seneca,580 Orchard Park Road,West Seneca,NY,14224,128,240-S-119,Enriched Housing Program,
Memory Garden,560 Fairmount Avenue,Jamestown,NY,14701,56,060-F-040,Adult Home,
Field of Dreams Senior Living,3260 N. 7th Street,Allegany,NY,14706,140,040-F-030,Adult Home,
Ideal Senior Living Center,600 High Avenue,Endicott,NY,13760,70,030-E-039,Adult Home,
The Arbors at Islandia East,1515A Veterans Memorial Highway,Islandia,NY,11749,200,700-F-914,Adult Home,
Westwood Commons Adult Home,50 Union Square Boulevard,North Chili,NY,14514,120,370-E-196,Adult Home,
Champlain Valley Senior Community,10 Gilliland Lane,Willsboro,NY,12996,81,260-F-018,Adult Home,
The Terrace at Newark,208 Route 88 South,Newark,NY,14513,71,770-F-037,Adult Home,
All American Assisted Living at Coram,463 Middle Country Road,Coram,NY,11727,112,700-S-317,Enriched Housing Program,
Atria New City,260 Main Street,New City,NY,10956,112,620-F-101,Adult Home,
Brookdale East Side,7164 East Genesee Street,Fayetteville,NY,13066,88,520-F-164,Adult Home,
Heathwood Assisted Living at Williamsville,815 Hopkins Road,Williamsville,NY,14221,128,240-F-881,Adult Home,
The Mansion at South Union,11 South Union Street,Cambridge,NY,12816,44,760-F-012,Adult Home,
Elderwood Assisted Living at Waverly,44 Ball Street,Waverly,NY,14892,40,720-S-004,Enriched Housing Program,
Home of the Good Shepherd Moreau,186-200 Bluebird Road,Moreau,NY,12803,72,640-E-040,Adult Home,
Madison York Home for Adults,61-80 Woodhaven Boulevard,Rego Park,NY,11374,202,590-F-321,Adult Home,
"Madison York Assisted Living Community, LLC",112-14 Corona Avenue,Flushing,NY,11368,226,590-F-320,Adult Home,
Elderwood Assisted Living at Cheektowaga,229 Bennett Road,Cheektowaga,NY,14227,80,240-F-886,Adult Home,
Bergquist Memorial Assisted Living Residences,"4600 Route 60, P.O. Box 350",Gerry,NY,14740,32,060-E-036,Adult Home,
Home of the Good Shepherd,390 Church Street,Saratoga Springs,NY,12866,42,640-E-037,Adult Home,
"Rebekah Rehab Assisted Living Program, Inc.",1050 Havemeyer Avenue,Bronx,NY,10462,56,020-S-005,Enriched Housing Program,
Brookdale Bellevue,4330 Onondaga Boulevard,Syracuse,NY,13219,91,520-F-163,Adult Home,
The Terrace at Glen Eddy,1 Ascot Lane,Niskayuna,NY,12309,53,650-S-067,Enriched Housing Program,
The Amberleigh,2330-40 Maple Road,Amherst,NY,14221,76,240-S-125,Enriched Housing Program,
Arkell Hall,55 Montgomery Street,Canajoharie,NY,13317,24,380-E-002,Adult Home,
Alma Rangel Gardens NY Foundation EHP#7,55 West 137th Street,New York,NY,10037,47,420-S-381,Enriched Housing Program,
Brompton Heights,275 Brompton Road,Williamsville,NY,14221,200,240-F-133,Adult Home,
Marian Woods,152 Ridge Road,Hartsdale,NY,10530,50,800-E-130,Adult Home,
Holbrook Adult Home,73 North Street,Granville,NY,12832,33,760-F-014,Adult Home,
Dawn Hill Adult Home,65 Lisa Drive,North Port,NY,11768,30,700-F-897,Adult Home,
Heathwood Assisted Living at Penfield,100 Elderwood Court,Penfield,NY,14526,151,370-S-852,Enriched Housing Program,
Atria Guilderland,300 Mill Rose Court,Slingerlands,NY,12159,120,000-F-308,Adult Home,
St. Vincent de Paul Assisted Living Program,900 Interval Avenue,Bronx,NY,10459,59,020-E-133,Adult Home,
The Arbors at Islandia West,1515 Veterans Memorial Highway,Islandia,NY,11749,200,700-F-915,Adult Home,
Brentwood Adult Home,147 Second Avenue,Brentwood,NY,11717,30,700-F-013,Adult Home,
Manlius Home for Adults,215 East Pleasant Street,Manlius,NY,13104,39,520-F-167,Adult Home,
Chenango County Home Preston Manor,"1150 County Road 4 RFD #2, Box 203",Oxford,NY,13830,48,080-N-007,Adult Home,
The Arbors at Bohemia,1065 Smithtown Avenue,Bohemia,NY,11716,200,700-F-913,Adult Home,
Ivy Lodge,108 Main Street,Saugerties,NY,12477,40,740-F-082,Adult Home,
Artis Senior Living of Commack,1131 Jericho Turnpike,Commack,NY,11725,64,700-F-961,Adult Home,
"Hawthorne Ridge, Inc.",30 Community Way,East Greenbush,NY,12061,66,600-E-114,Adult Home,
Woodbrook,1250 Maple Avenue,Elmira,NY,14904,80,070-E-011,Adult Home,
Chenango Valley Home,24 Canasawacta Street,Norwich,NY,13815,32,080-E-002,Adult Home,
Atria Cutter Mill,96 Cutter Mill Road,Great Neck,NY,11021,130,400-S-328,Enriched Housing Program,
Atria Crossgate,140 Washington Avenue Extension,Albany,NY,12203,83,000-S-009,Enriched Housing Program,
Garden of Eden Assisted Living Program,1608-1620 Stillwell Avenue,Brooklyn,NY,11223,201,331-F-280,Adult Home,
The Landing of Poughkeepsie,251 Boardman Road,Poughkeepsie,NY,12603,121,230-S-005,Enriched Housing Program,
VillageCare at 46 and Ten,510 West 46th Street,New York,NY,10036,89,420-S-379,Enriched Housing Program,
NY Found-Sr Citizens EHP#5 Clinton Gardens,404-412 W. 54 St.- Clinton Gardens,New York,NY,10019,47,420-S-376,Enriched Housing Program,
Brooklyn Boulevard ALP,636 Louisiana Avenue,Brooklyn,NY,11239,184,331-S-014,Enriched Housing Program,
Tappan Zee Manor,51 Mountainview Avenue,Nyack,NY,10960,150,620-F-087,Adult Home,
"Sutton Gardens, LLC",147-02 34th Avenue,Flushing,NY,11354,47,590-F-326,Adult Home,
Brookdale Clinton,115 Brookside Drive,Clinton,NY,13323,40,510-F-057,Adult Home,
"Millview of Latham, LLC",514 Old Loudon Road,Cohoes,NY,12047,55,000-F-294,Adult Home,
Elderwood Village at Colonie,626 Watervliet-Shaker Road,Latham,NY,12110,94,000-F-314,Adult Home,
Terrace at Beverwyck,41 Beverwyck Lane,Slingerlands,NY,12159,48,000-S-005,Enriched Housing Program,
Atria Delmar Place,467 Delaware Ave,Delmar,NY,12054,106,000-S-008,Enriched Housing Program,
Bronxwood,799 East Gun Hill Road,Bronx,NY,10467,320,020-E-004,Adult Home,
RiverSpring Assisted Living,5901 Palisades Avenue,Bronx,NY,10471,35,020-E-136,Adult Home,
Claremont Village ALP,1160 Teller Avenue,Bronx,NY,10456,70,020-F-135,Adult Home,
New Fordham Arms Assisted Living,2915 Williamsbridge Road,Bronx,NY,10467,35,020-F-819,Adult Home,
Morningside at Home Assisted Living Program,1000 Pelham Parkway South,Bronx,NY,10461,40,020-F-821,Adult Home,
Atria Riverdale,3718-3726 Henry Hudson Parkway,Riverdale,NY,10463,195,020-S-001,Enriched Housing Program,
The New Jewish Home University Avenue Assisted Living,2553 University Avenue,Bronx,NY,10468,72,020-S-003,Enriched Housing Program,
"Good Shepherd- Fairview Home, Inc.",80 Fairview Avenue,Binghamton,NY,13904,67,030-E-005,Adult Home,
Brookdale Vestal West,421 Plaza Drive,Vestal,NY,13850,65,030-F-056,Adult Home,
The Pavilion at Vestal,105 West Sheedy Road,Vestal,NY,13850,40,030-F-058,Adult Home,
Elderwood Village at Vestal,505 Clubhouse Road,Vestal,NY,13850,116,030-F-060,Adult Home,
Metro Interfaith EHP,110 Chenango Place,Binghamton,NY,13901,37,030-S-041,Enriched Housing Program,
Metro Interfaith Housing,21 New Street,Binghamton,NY,13903,11,030-S-046,Enriched Housing Program,
Randolph Manor,40 East Main Street,Randolph,NY,14772,50,040-F-026,Adult Home,
Faatz-Crofut Home for the Elderly,46 Grant Avenue,Auburn,NY,13021,53,050-E-006,Adult Home,
Evergreen Heights,8939 Oakland Street,Weedsport,NY,13166,60,050-E-010,Adult Home,
North Brook Heights Home for Adults,170 Murray Street Extension,Auburn,NY,13021,178,050-F-022,Adult Home,
St. Columban's on the Lake,"2546 Lake Road, Route 5",Silver Creek,NY,14136,57,060-E-008,Adult Home,
The Women's Christian Association,134 Temple Street,Fredonia,NY,14063,42,060-E-014,Adult Home,
Southern Tier Meadows,4883 West Main Road,Fredonia,NY,14063,24,060-E-038,Adult Home,
Frewsburg Rest Home,106 West Main Street,Frewsburg,NY,14738,81,060-F-035,Adult Home,
"Tanglewood Manor, Inc.",560 Fairmount Avenue,Jamestown,NY,14701,158,060-F-036,Adult Home,
Brookdale Lakewood,220 Southwestern Drive,Lakewood,NY,14750,100,060-S-001,Enriched Housing Program,
Bida Adult Home,4 Washington Park Rd,Oxford,NY,13830,28,080-F-010,Adult Home,
Samuel F. Vilas Home,61 Beekman Street,Plattsburgh,NY,12901,44,090-F-005,Adult Home,
"Camphill Ghent, Inc.",2542 Route 66,Chatham,NY,12037,31,200-E-007,Adult Home,
Elizabeth Brewster House,41 South Main Street,Homer,NY,13077,45,210-E-001,Adult Home,
The Pavilion at Robinson Terrace,One Buntline Drive,Stamford,NY,12167,60,220-F-032,Adult Home,
Green Briar Adult Home,26 Old Route 82,Millbrook,NY,12545,53,230-F-072,Adult Home,
"Hedgewood Assisted Living, LLC",355 Fishkill Avenue,Beacon,NY,12508,192,230-F-082,Adult Home,
Crystal House Manor,"97 Mills Street, P.O. Box 576",Dover Plains,NY,12522,39,230-F-272,Adult Home,
Inspire of McClelland,126 Old Castle Point Road,Wappinger Falls,NY,12590,75,230-F-284,Adult Home,
Eden Heights of West Seneca,3030 Clinton Street,West Seneca,NY,14224,120,240-F-848,Adult Home,
The Courtyards LLC,5285 South Park Avenue,Hamburg,NY,14075,133,240-F-872,Adult Home,
Park Creek Senior Living Community,410 Mill Street,Amherst,NY,14221,94,240-F-876,Adult Home,
Elderwood Assisted Living at Tonawanda,111 Ensminger Road,Tonawanda,NY,14150,120,240-F-890,Adult Home,
Symphony Manor at Lancaster,5539 Broadway,Lancaster,NY,14086,117,240-F-902,Adult Home,
Greenfield Court,5951 Broadway,Lancaster,NY,14086,57,240-S-105,Enriched Housing Program,
Fox Run at Orchard Park,One Fox Run Lane,Orchard Park,NY,14127,52,240-S-111,Enriched Housing Program,
The Meadows,2650 North Forest Road,Getzville,NY,14068,48,240-S-123,Enriched Housing Program,
St. Francis Park,5229 South Park Avenue,Hamburg,NY,14075,36,240-S-129,Enriched Housing Program,
Ken-Ton Enriched Housing,3735 Delaware Avenue,Kenmore,NY,14217,49,240-S-131,Enriched Housing Program,
Keene Valley Neighborhood House,1782 Route 73,Keene Valley,NY,12943,50,260-E-006,Adult Home,
Adirondack Manor HFA D.B.A Montcalm Manor HFA,45 Montcalm Street,Ticonderoga,NY,12883,40,260-F-016,Adult Home,
Elderwood Village at Ticonderoga,101 Adirondack Drive Suite 201,Ticonderoga,NY,12883,23,260-F-020,Adult Home,
The Farrar Home,46 Constable Street,Malone,NY,12953,30,270-E-005,Adult Home,
Alice Hyde Assisted Living Program,45 Sixth Street,Malone,NY,12953,30,270-E-007,Adult Home,
Willing Helpers' Home for Women,"226 West Madison Ave, P.O. Box O",Johnstown,NY,12095,20,280-E-008,Adult Home,
Pineview Commons H.F.A.,201 South Melcher Street,Johnstown,NY,12095,94,280-F-034,Adult Home,
Leroy Manor,8678 Lake Street Road,Leroy,NY,14482,79,290-F-005,Adult Home,
The Mohawk Homestead,62 East Main Street,Mohawk,NY,13407,41,320-E-005,Adult Home,
"Valley Residential Services, Inc.",161 Valley Drive,Herkimer,NY,13350,76,320-S-001,Enriched Housing Program,
Samaritan Summit Village,22691 Campus Drive,Watertown,NY,13601,120,330-E-005,Adult Home,
The Lodge at Ives Hill,1200 Jewell Drive,Watertown,NY,13601,24,330-S-038,Enriched Housing Program,
Norwegian Christian Home and Health Center,1250-1270 67th Street,Brooklyn,NY,11219,88,331-E-030,Adult Home,
St. Nicholas Home,437 Ovington Avenue,Brooklyn,NY,11209,75,331-E-125,Adult Home,
Mermaid Manor Home for Adults,3602 Mermaid Avenue,Brooklyn,NY,11224,200,331-F-276,Adult Home,
Brooklyn Adult Care Center,2830 Pitkin Avenue,Brooklyn,NY,11208,210,331-F-278,Adult Home,
Brooklyn Terrace,2316 Surf Avenue,Brooklyn,NY,11224,200,331-F-290,Adult Home,
Brookdale Hospital Medical Center ALP,558-578 Rockaway Parkway,Brooklyn,NY,11212,43,331-S-001,Enriched Housing Program,
Cumberland Gardens NY Foundation EHP #6,425 Cumberland Street,Brooklyn,NY,11201,47,331-S-003,Enriched Housing Program,
Assisted Living at Jennings Hall,260 Powers Street,Brooklyn,NY,11211,40,331-S-007,Enriched Housing Program,
"Moffat Gardens ALP, Inc",22 Moffat Street,Brooklyn,NY,11207,30,331-S-009,Enriched Housing Program,
Sunrise at Mill Basin,5905 Strickland Avenue,Brooklyn,NY,11234,142,331-S-011,Enriched Housing Program,
Sunrise at Sheepshead Bay,2211 Emmons Avenue,Brooklyn,NY,11235,189,331-S-012,Enriched Housing Program,
East Road Adult Home,7731 East Road,Lowville,NY,13367,20,340-F-019,Adult Home,
Alpine Manor,2714 Poplar Hill Road,Lima,NY,14485,41,350-F-001,Adult Home,
Hamilton Manor Home for Adults,8196 Green Road,Hubbardsville,NY,13355,38,360-F-010,Adult Home,
Hilton East Assisted Living,231 East Avenue,Hilton,NY,14468,205,370-F-208,Adult Home,
Crimson Ridge Gardens,1 Treeline Drive,Rochester,NY,14612,52,370-F-226,Adult Home,
Crimson Ridge Meadows,3 Treeline Drive,Rochester,NY,14612,52,370-F-227,Adult Home,
Elderwood Village at Fairport,7 Chardonnay Drive,Fairport,NY,14450,80,370-F-246,Adult Home,
Elderwood Village at Greece,1404 Long Pond Road,Rochester,NY,14626,72,370-F-248,Adult Home,
Family Srvs/Rochester EHP1 Danforth Towers East,140 West Avenue,Rochester,NY,14611,28,370-S-051,Enriched Housing Program,
Family Srvs/Rochester EHP3 Hudson-Ridge Towers,401 Seneca Manor Drive,Rochester,NY,14621,47,370-S-191,Enriched Housing Program,
The Hamlet at Park Ridge,1471 Long Pond Road,Rochester,NY,14626,66,370-S-193,Enriched Housing Program,
Laurelwood at the Highlands,300 Hahnemann Trail,Pittsford,NY,14534,68,370-S-835,Enriched Housing Program,
Wolk Manor Enriched Living Center,4000 Summit Circle Drive,Rochester,NY,14618,85,370-S-836,Enriched Housing Program,
Brentland Woods,3831 East Henrietta Road,Henrietta,NY,14467,60,370-S-838,Enriched Housing Program,
Glenmere at Cloverwood,One Wheatley Terrace,Pittsford,NY,14534,77,370-S-845,Enriched Housing Program,
The Northfield,4560 Nine Mile Point Road,Fairport,NY,14450,79,370-S-847,Enriched Housing Program,
The Village at Mill Landing,45 Mill Road,Rochester,NY,14626,150,370-S-859,Enriched Housing Program,
The Hawthorne,1 Johnsarbor Dr. E,Rochester,NY,14620,42,370-S-861,Enriched Housing Program,
Sarah Jane Sanford Home,69 Guy Park Avenue,Amsterdam,NY,12010,40,380-E-011,Adult Home,
Hillcrest Spring Residential,"5052 Rte30 Upper Market St, POB 383",Amsterdam,NY,12010,80,380-F-043,Adult Home,
Plattduetsche Home Society,1150 Hempstead Turnpike,Franklin Square,NY,11010,91,400-E-028,Adult Home,
Christian Fellowship House,369 Split Rock Road,Syosset,NY,11791,45,400-E-264,Adult Home,
The Regency at Glen Cove,94 School Street,Glen Cove,NY,11542,143,400-E-290,Adult Home,
Island Assisted Living,800-820 Front Street,Hempstead,NY,11550,200,400-E-295,Adult Home,
Long Beach Assisted Living,274 West Broadway,Long Beach,NY,11561,200,400-F-301,Adult Home,
The Arbors at Westbury,45 Jericho Turnpike,Jericho,NY,11753,200,400-F-307,Adult Home,
The Bristal at North Hills,99 South Service Road,North Hills,NY,11040,60,400-F-310,Adult Home,
The Bristal at Massapequa,400 County Line Road,Massapequa,NY,11758,84,400-F-315,Adult Home,
The Glen at Maple Pointe,260 Maple Avenue,Rockville Center,NY,11570,60,400-F-320,Adult Home,
Sunrise of East Meadow,1555 Glenn Curtiss Blvd.,East Meadow,NY,11554,107,400-F-322,Adult Home,
Sunrise of Plainview,1231 Old Country Road,Plainview,NY,11803,65,400-F-323,Adult Home,
Sunrise of Glen Cove,39 Forest Avenue,Glen Cove,NY,11542,111,400-F-327,Adult Home,
Sunrise of North Lynbrook,53 Franklin Avenue,Lynbrook,NY,11563,138,400-F-328,Adult Home,
Amber Court of Westbury,3400 Brush Hollow Road,Westbury,NY,11590,64,400-F-331,Adult Home,
Rosewood on the Sound,59 Bayville Avenue,Bayville,NY,11709,50,400-F-333,Adult Home,
Plattduetsche Home Society,1150 Hempstead Turnpike,Franklin Square,NY,11010,90,400-S-290,Enriched Housing Program,
The Bristal at Westbury,117 Post Ave.,Westbury,NY,11590,180,400-S-300,Enriched Housing Program,
The Bristal at North Woodmere,477 Hungry Harbor Road,North Woodmere,NY,11581,155,400-S-304,Enriched Housing Program,
The Bristal at North Hills,99 South Service Road,North Hills,NY,11040,140,400-S-309,Enriched Housing Program,
The Bristal at Massapequa,400 County Line Road,Massapequa,NY,11758,86,400-S-314,Enriched Housing Program,
The Glen at Maple Pointe,260 Maple Avenue,Rockville Center,NY,11570,83,400-S-316,Enriched Housing Program,
Atria Park of Great Neck,51 Great Neck Road,Great Neck,NY,11021,162,400-S-326,Enriched Housing Program,
The Bristal at Jericho,310 Jericho Turnpike,Jericho,NY,11753,200,400-S-332,Enriched Housing Program,
West Seventy-Fourth Street Home,300 Amsterdam Avenue,New York,NY,10023,95,420-E-254,Adult Home,
Frederic Fleming Residence,443-445 West 22nd Street,New York,NY,10011,47,420-E-374,Adult Home,
NY Found-Sr Citizens EHP#2 Brown Gardens,225 East 93rd Street,New York,NY,10128,47,420-S-272,Enriched Housing Program,
NY Found-Sr Citizens EHP#3,1850 Second Avenue,New York,NY,10128,39,420-S-370,Enriched Housing Program,
NY Found-Sr Citizens EHP#4 Ridge Street Gardens,80-92 Ridge Street,New York,NY,10002,47,420-S-375,Enriched Housing Program,
Carnegie East House,1844 Second Avenue,New York,NY,10128,112,420-S-387,Enriched Housing Program,
Vista on 5th,1261 Fifth Avenue,New York,NY,10029,127,420-S-395,Enriched Housing Program,
Lockport Presbyterian Home,327 High Street,Lockport,NY,14094,60,500-E-016,Adult Home,
"Briarwood Manor, Inc.",1001 Lincoln Avenue,Lockport,NY,14094,160,500-F-092,Adult Home,
Mount View Assisted Living,5465 Upper Mountain Road,Lockport,NY,14094,156,500-F-105,Adult Home,
Brookdale Niagara Assisted Living,6741 Nash Road,North Tonawanda,NY,14120,53,500-S-002,Enriched Housing Program,
Lutheran Home of Central New York,108 Utica Road,Clinton,NY,13323,68,510-E-007,Adult Home,
Lutheran Home Cottages,114 Utica Road,Clinton,NY,13323,14,510-E-009,Adult Home,
Masonic Home,2150 Bleecker Street,Utica,NY,13501,96,510-E-033,Adult Home,
Presbyterian Residential Community,4300 Middle Settlement Road,New Hartford,NY,13413,96,510-E-065,Adult Home,
Adirondack Manor Home for Adults-Camden,128 Main Street,Camden,NY,13316,40,510-F-028,Adult Home,
Pounder Hall EHP,1400 Utica Street,Oriskany,NY,13424,10,510-S-062,Enriched Housing Program,
Crossroads,120 Gifford Street,Syracuse,NY,13202,59,520-E-088,Adult Home,
McHarrie Pointe,7740 Meigs Road,Baldwinsville,NY,13027,47,520-E-093,Adult Home,
Brookdale Fayetteville,5125 Highbridge Street,Fayetteville,NY,13066,52,520-F-145,Adult Home,
Kalet's Adult Home,504 Delaware Street,Syracuse,NY,13204,45,520-F-161,Adult Home,
Brookdale Liverpool,4055 Long Branch Road,Liverpool,NY,13090,80,520-F-165,Adult Home,
Loretto EHP #3 Nottingham,1301 Nottingham Road,Jamesville,NY,13078,64,520-S-114,Enriched Housing Program,
E.R.I.E. EHP #1 Toomey Abbott Tower,1207 Almond Street,Syracuse,NY,13210,95,520-S-118,Enriched Housing Program,
The Hearth at Greenpoint Senior Living,150 Old Liverpool Road,Liverpool,NY,13088,139,520-S-129,Enriched Housing Program,
Brookdale Manlius,100 Flume Road,Manlius,NY,13104,86,520-S-137,Enriched Housing Program,
The Clark Manor House,318 Fort Hill Avenue,Canandaigua,NY,14424,17,530-E-002,Adult Home,
Chai Home,125-02 Ocean Promenade,Belle Harbor,NY,11694,71,530-F-057,Adult Home,
Quail Summit,5102 Parrish Street Ext.,Canandaigua,NY,14424,55,530-S-001,Enriched Housing Program,
Mount Alverno Center,20 Grand Street,Warwick,NY,10990,85,540-E-051,Adult Home,
New Windsor Country Inn,450 Temple Hill Road P.O. Box 4328,New Windsor,NY,12553,86,540-F-026,Adult Home,
"Carlucci Homes, Inc.",516 Mullock Road,Port Jervis,NY,12771,23,540-F-034,Adult Home,
The W Senior Living at Goshen,46 Harriman Drive,Goshen,NY,10924,120,540-F-038,Adult Home,
"Glen Arden, Inc.",214 Harriman Drive,Goshen,NY,10924,28,540-S-003,Enriched Housing Program,
Cloverhill Adult Home,355 South Main Street,Albion,NY,14411,44,550-F-002,Adult Home,
Apple Gate Adult Home,400 Ohio Street,Medina,NY,14103,28,550-F-004,Adult Home,
The Willows,459 East Oak Orchard Street,Medina,NY,14103,24,550-F-005,Adult Home,
The Gardens by Morningstar,132 Ellen Street,Oswego,NY,13126,106,560-F-042,Adult Home,
Bishop's Commons at St. Luke,4 Burkle Street,Oswego,NY,13126,68,560-S-002,Enriched Housing Program,
"Woodside Hall, LLC",1 Main Street,Cooperstown,NY,13326,37,570-F-044,Adult Home,
Hampshire House Adult Home,1846 County Highway 48,Oneonta,NY,13820,65,570-F-048,Adult Home,
The Plaza at Clover Lake,838 Fair Street,Carmel,NY,10512,175,580-F-001,Adult Home,
Gallagher Home,517 North Lake Boulevard,Mahopac,NY,10541,16,580-F-003,Adult Home,
Rockaway Manor HFA,145 Beach 8th Street,Far Rockaway,NY,11691,120,590-E-292,Adult Home,
Belle Harbor Manor,209 Beach 125th Street,Belle Harbor,NY,11694,162,590-E-293,Adult Home,
Park Inn Home,115-02 Ocean Promenade,Rockaway Park,NY,11694,181,590-F-104,Adult Home,
New Haven Manor,1526 New Haven Avenue,Far Rockaway,NY,11691,123,590-F-172,Adult Home,
Wavecrest Home for Adults,242 Beach 20th Street,Far Rockaway,NY,11691,120,590-F-301,Adult Home,
Queens Adult Care Center,80-08 45th Avenue,Elmhurst,NY,11373,352,590-F-309,Adult Home,
"New Homestead Home for Adults, Inc.",82-45 Grenfell Street,Kew Gardens,NY,11415,163,590-F-311,Adult Home,
"Seaview Manor, LLC",210 Beach 47th Street,Far Rockaway,NY,11691,118,590-F-313,Adult Home,
"Surfside Manor Home for Adults, LLC",95-02 Rockaway Beach Boulevard,Rockaway Beach,NY,11693,200,590-F-314,Adult Home,
Elm York Home for Adults,100-30 Ditmars Boulevard,East Elmhurst,NY,11369,262,590-F-319,Adult Home,
"Central Assisted Living, LLC",1509 Central Avenue,Far Rockaway,NY,11691,186,590-F-322,Adult Home,
Castle Senior Living at Forest Hills,108-25 Horace Harding,Forest Hills,NY,11368,20,590-F-324,Adult Home,
River View Gardens NY Foundation EHP #8,4-12 49th Avenue,Long Island City,NY,11101,46,590-S-303,Enriched Housing Program,
Atria Kew Gardens,117-01 84th Avenue,Kew Gardens,NY,11418,175,590-S-315,Enriched Housing Program,
Boulevard ALP,71-61 159th Street,Flushing,NY,11365,239,590-S-317,Enriched Housing Program,
The Pines at Heartwood,2405 Fifteenth Street,Troy,NY,12180,86,600-F-250,Adult Home,
The Terrace at The Eddy Memorial,2256 Burdett Avenue,Troy,NY,12180,69,600-S-001,Enriched Housing Program,
"Lakeside Manor Home for Adults, Inc.",797 Brighton Avenue,Staten Island,NY,10301,200,610-F-037,Adult Home,
Harbor Terrace Adult Home and Assisted Living,110 Henderson Avenue,Staten Island,NY,10301,363,610-F-064,Adult Home,
New Broadview Home for Adults,70 Father Capodanno Boulevard,Staten Island,NY,10305,200,610-F-067,Adult Home,
Sunrise of Staten Island,801 Narrows Road,Staten Island,NY,10304,121,610-S-003,Enriched Housing Program,
Rudolf Steiner Fellowship Foundation,241 Hungry Hollow Road,Spring Valley,NY,10977,33,620-E-013,Adult Home,
St. Joseph's Assisted Living,125 Sisters Servants Lane P.O. Box 8,Sloatsburg,NY,10974,31,620-E-016,Adult Home,
The Springs at Fountainview,2000 Fountainview Drive,Monsey,NY,10952,60,620-E-021,Enriched Housing Program,
L'Dor,156 West Clarkstown Road,New City,NY,10956,44,620-F-076,Adult Home,
"Evergreen Court Home for Adults SP, LLC",65 Lafayette Street,Spring Valley,NY,10977,200,620-F-078,Adult Home,
Sunrise of New City,233 North Main Street,New City,NY,10956,120,620-F-089,Adult Home,
The New Golden Acres SP LLC,11 Prospect Street,Spring Valley,NY,10977,79,620-F-091,Adult Home,
Garnerville Home,216 Ramapo Road Route 202,Garnerville,NY,10923,39,620-F-093,Adult Home,
The Pavilion at Pine Valley,661 North Main Street,Spring Valley,NY,10977,56,620-F-095,Adult Home,
Claddagh Care (L.B.S.H.) EHP #1,34 Church Street,Brasher Falls,NY,13613,28,630-S-016,Enriched Housing Program,
Ahana House,31 Sixth Street,Waterford,NY,12188,17,640-E-034,Adult Home,
Home of the Good Shepherd at Highpointe,26 Rock Rose Way,Malta,NY,12020,86,640-E-036,Adult Home,
Home of the Good Shepherd Wilton,60 Waller Road,Wilton,NY,12831,54,640-E-038,Adult Home,
Home of the Good Shepherd Saratoga,394-402 Church Street,Saratoga Springs,NY,12866,105,640-E-042,Adult Home,
Beacon Pointe Memory Care Community,1 Emma Lane,Clifton Park,NY,12065,52,640-F-042,Adult Home,
Woodlawn Commons,156 Lawrence Street,Saratoga Springs,NY,12866,42,640-S-001,Enriched Housing Program,
Heritage Home for Women,1519 Union Street,Schenectady,NY,12309,36,650-E-003,Adult Home,
Brookdale East Niskayuna,2861 Troy-Schenectady Road,Niskayuna,NY,12309,52,650-F-101,Adult Home,
Marchand Manor,"121 Main Street, Route 10",Sharon Springs,NY,13459,36,660-F-051,Adult Home,
The New Falls,117 Schuyler Street,Montour Falls,NY,14865,111,670-F-006,Adult Home,
The Bixby Home,8342 North Main Street,Interlaken,NY,14847,24,680-F-010,Adult Home,
Pinecrest Home For Adults,7 Charlesworth Avenue,Avoca,NY,14809,17,690-E-001,Adult Home,
Maryville Home For Adults,7678 County Road 70,Avoca,NY,14809,14,690-F-024,Adult Home,
Cohocton Valley Home for Adults,64 South Main Street,Avoca,NY,14809,10,690-F-031,Adult Home,
Country Valley Home,5946 County Route 11,Bath,NY,14810,19,690-F-039,Adult Home,
Brookdale Painted Post,120 Creekside Drive,Painted Post,NY,14870,110,690-F-044,Adult Home,
Missionary Sisters of St. Benedict,350 Cuba Hill Road,Huntington,NY,11743,60,700-E-054,Adult Home,
Pleasant Gardens Home for Adults,396 Middle Road,Bayport,NY,11705,27,700-E-282,Adult Home,
Echo Arms Adult Home,204 Patchogue Road,Port Jefferson Stat.,NY,11776,49,700-F-020,Adult Home,
Maple Rest,61 Rollstone Avenue,West Sayville,NY,11796,27,700-F-146,Adult Home,
Olsen Rest,P.O. Box 256,Nesconset,NY,11767,40,700-F-223,Adult Home,
Elmore Home for Adults,330 Elmore Street,Central Islip,NY,11722,22,700-F-300,Adult Home,
The Bristal at Sayville,129 Lakeland Avenue,Sayville,NY,11782,155,700-F-302,Adult Home,
Maryville Assisted Living,70 Greenlawn Road,Huntington,NY,11743,32,700-F-891,Adult Home,
The Lake Shore Assisted Living Residence,211 Lake Shore Road,Lake Ronkonkoma,NY,11779,200,700-F-893,Adult Home,
Gables Home for Adults,127 Rider Avenue,Patchogue,NY,11772,24,700-F-909,Adult Home,
The Arbors at Hauppauge,1740 Express Drive South,Hauppauge,NY,11788,200,700-F-916,Adult Home,
Braemar Living at Medford,1529 North Ocean Avenue,Medford,NY,11763,200,700-F-921,Adult Home,
Sunrise of Dix Hills,337 Deer Park Avenue,Dix Hills,NY,11746,114,700-F-923,Adult Home,
Sunrise of Holbrook,320 Patchogue-Holbrook Road,Holbrook,NY,11741,109,700-F-925,Adult Home,
Sunrise of East Setauket,1 Sunrise Drive,East Setauket,NY,11733,109,700-F-926,Adult Home,
Sunrise of Smithtown,"30 Hauppauge, Route 111",Smithtown,NY,11787,104,700-F-927,Adult Home,
Village Walk A Carlisle Assisted Living Community,131 East Main Street,Patchogue,NY,11772,146,700-F-941,Adult Home,
Whisper Woods of Smithtown,71 St. Johnland Road,Smithtown,NY,11787,136,700-F-957,Adult Home,
Sunrise of Huntington,300 West Hills Road,Huntington Station,NY,11746,130,700-F-959,Adult Home,
Dominican Village Enriched Housing Program 1,565-567 Albany Avenue,Amityville,NY,11701,66,700-S-287,Enriched Housing Program,
The Vincent Bove Center at Jefferson Ferry,One Jefferson Ferry Drive,South Setauket,NY,11720,87,700-S-291,Enriched Housing Program,
"The Shores at Peconic Landing Assisted Living Residence, Inc.",1600 Brecknock Road,Greenport,NY,11944,47,700-S-298,Enriched Housing Program,
Brandywine Senior Living at Huntington Terrace,70 Pinelawn Road,Melville,NY,11747,110,700-S-299,Enriched Housing Program,
The Bristal at East Northport,760 Larkfield Road,East Northport,NY,11731,166,700-S-303,Enriched Housing Program,
The New Swan Lake Adult Home LLC,Route 55,Swan Lake,NY,12783,27,710-F-058,Adult Home,
Arcadia Residence,25 Carrier Street,Liberty,NY,12754,114,710-F-063,Adult Home,
"Longview, an Ithacare Community",1 Bella Vista Drive,Ithaca,NY,14850,96,730-E-002,Adult Home,
Kendal at Ithaca,2230 North Triphammer Road,Ithaca,NY,14850,36,730-E-005,Adult Home,
Bridges Cornell Heights - The Tudor,407 Wyckoff Avenue,Ithaca,NY,14850,15,730-F-003,Adult Home,
Brookdale Ithaca Assisted Living,103 Bundy Road,Ithaca,NY,14850,53,730-S-011,Enriched Housing Program,
Culinarians' Home Foundation,71 Old Tschirky Road,New Paltz,NY,12561,18,740-E-002,Adult Home,
The New Village View SP LLC,1 Grove Street,Highland,NY,12528,80,740-F-084,Adult Home,
Countryside Adult Home,353 Schroon River Road,Warrensburg,NY,12885,48,750-N-006,Adult Home,
Argyle Center for Independent Living,4573 State Route 40,Argyle,NY,12809,35,760-F-016,Adult Home,
The Cambridge,4 West Main Street,Cambridge,NY,12816,40,760-F-018,Adult Home,
Bickford Home,56 Main Street,Macedon,NY,14502,24,770-F-035,Adult Home,
Parkwood Heights Senior Living Community,1340 Parkwood Drive,Macedon,NY,14502,49,770-S-039,Enriched Housing Program,
St. Michael's Home,3 Lehman Terrace,Yonkers,NY,10705,60,800-E-038,Adult Home,
White Plains Guest Home for Adults,32 Ridgeview Avenue,White Plains,NY,10606,15,800-E-134,Adult Home,
Lincoln Rest Home,12 Lincoln Avenue,Ardsley,NY,10502,23,800-F-125,Adult Home,
Sunnydale Home,809 Stuart Avenue,Mamaroneck,NY,10543,17,800-F-127,Adult Home,
Chester Hill Adult Home,187 Cottage Avenue,Mount Vernon,NY,10550,21,800-F-986,Adult Home,
Westchester Center for Independent and Assisted Living,75 Stratton Street South,Yonkers,NY,10701,195,800-F-990,Adult Home,
Five Star Premier Residences of Yonkers,537 Riverdale Avenue,Yonkers,NY,10705,40,800-F-992,Adult Home,
Sunrise of Crestwood,65 Crisfield Street,Yonkers,NY,10710,116,800-F-994,Adult Home,
Sunrise of Fleetwood,500 North Columbus Avenue,Mount Vernon,NY,10552,136,800-F-995,Adult Home,
Meadowview at the Wartburg,2 Wartburg Place,Mount Vernon,NY,10552,105,800-S-125,Enriched Housing Program,
The Springvale Inn,62 Springvale Rd.,Croton-on-Hudson,NY,10520,125,800-S-129,Enriched Housing Program,
Kendal on Hudson,1010 Kendal Way,Sleepy Hollow,NY,10591,47,800-S-134,Enriched Housing Program,
The Osborn,101 Theall Road,Rye,NY,10580,103,800-S-141,Enriched Housing Program,
Five Star Premier Residences of Yonkers,537 Riverdale Avenue,Yonkers,NY,10705,84,800-S-143,Enriched Housing Program,
The Bristal at White Plains,305 North Street,White Plains,NY,10605,190,800-S-145,Enriched Housing Program,
The Bristal at Armonk,90 Business Park Drive,Armonk,NY,10504,171,800-S-151,Enriched Housing Program,
The Ambassador at Scarsdale,9 Saxon Woods Road,White Plains,NY,10605,138,800-S-153,Enriched Housing Program,
The Knolls,55 Grasslands Road,Valhalla,NY,10595,12,800-S-155,Enriched Housing Program,
Clinton Crest Manor,411 Clinton Street,Penn Yan,NY,14527,42,910-E-004,Adult Home,
