field,variant,u_unbiased,u_simple,current_conservative_u,ratio_current_to_empirical,source_file,notes
last_name,exact,0.0006778535244696045,0.0006778573297732977,0.005,7.376224832514246,Names2020_LastNames_RaceHispanic.xlsx,"Headline = bound (a): listed names (156,619) renormalized to their own total, ignoring the unlisted remainder. Coverage = listed/total population = 0.8787 (262,612,981 / 298,870,618). Bound (b) lower bound, treating all unlisted individuals as unique singleton names: u_unbiased=5.234e-04, u_simple=5.234e-04. Names below the Census suppression threshold (<100 occurrences, or <11 for race/ethnicity cross-tabs) are not separately listed; this is the standard disclosure-avoidance suppression, not missing data."
last_name_2010_comparison,exact,0.0006946007322309838,0.0006946044938254316,,,names_2010census.zip,"Headline = bound (a): listed names (162,252) renormalized to their own total, ignoring the unlisted remainder. Coverage = listed/total population = 0.9006 (265,660,058 / 294,972,059). Bound (b) lower bound, treating all unlisted individuals as unique singleton names: u_unbiased=5.634e-04, u_simple=5.634e-04. Names below the Census suppression threshold (<100 occurrences, or <11 for race/ethnicity cross-tabs) are not separately listed; this is the standard disclosure-avoidance suppression, not missing data."
last_name,fuzzy,0.00021425153644686297,0.00021425202598601923,0.01,46.67411102781111,Names2020_LastNames_RaceHispanic.xlsx,"Ball = names within Damerau-OSA edit distance 1 (insert/delete/substitute/adjacent-transposition), found via a SymSpell-style deletion-neighborhood index over the 156,619 listed names (>= 5 chars eligible: 145,708); verified exactly with rapidfuzz. Names < 5 chars fall back to exact-match probability (p_v^2). Restricted to listed (>=100-occurrence) names -- same coverage caveat as the exact-match calculation."
first_name,exact,0.001792560882279055,0.001792564406564506,0.02,11.157222160606382,Names2020_FirstNames_Sex.xlsx,"Headline = bound (a): listed names (53,615) renormalized to their own total, ignoring the unlisted remainder. Coverage = listed/total population = 0.9378 (283,236,830 / 302,031,536). Bound (b) lower bound, treating all unlisted individuals as unique singleton names: u_unbiased=1.576e-03, u_simple=1.576e-03. Names below the Census suppression threshold (<100 occurrences, or <11 for race/ethnicity cross-tabs) are not separately listed; this is the standard disclosure-avoidance suppression, not missing data."
first_name,fuzzy,0.0008323577263802507,0.0008323583350789486,0.03,36.04219561998146,Names2020_FirstNames_Sex.xlsx,"Ball = names within Damerau-OSA edit distance 1 (insert/delete/substitute/adjacent-transposition), found via a SymSpell-style deletion-neighborhood index over the 53,615 listed names (>= 5 chars eligible: 47,556); verified exactly with rapidfuzz. Names < 5 chars fall back to exact-match probability (p_v^2). Restricted to listed (>=100-occurrence) names -- same coverage caveat as the exact-match calculation."
year_of_birth,exact,0.011782862296833832,0.011782865188176492,0.015,1.2730353306454785,nc-est2025-agesex-res.csv,"Single year of age (0-100, where AGE=100 is a '100 and over' open-ended top bucket) from NC-EST2025-AGESEX-RES, both sexes, converted to birth year = 2025 - age (as of July 1, 2025). Adults-only (18+) variant: u_unbiased=1.494e-02, u_simple=1.494e-02. National population, not a specific payer's member population -- true u could differ for an age-skewed membership (e.g. Medicare Advantage)."
dob_full,exact,3.2259718814055666e-05,3.225972673012044e-05,0.0001,3.0998410301217403,derived from year_of_birth,Assumes birthdates are uniformly distributed within a birth year: u_dob = u_yob / 365.25 (365.25 approximates the leap-day effect; real birth-date distributions have mild seasonal non-uniformity -- e.g. September birth clustering -- which would raise this slightly above the uniform-model estimate).
zip5,exact,9.697668631688555e-05,9.697964398104405e-05,0.0003,3.093527025863783,acs5_zcta_population.json,"ZCTA (Census's generalized ZIP-code-like tabulation areas from ACS 2024 5-year estimates, table B01003) used as a proxy for USPS ZIP code. ZCTAs and ZIP codes are not identical: ZCTAs are built from whole census blocks and don't track USPS ZIP boundary changes, P.O.-box-only ZIPs, or unique-organization ZIPs, so this slightly misestimates true ZIP-code concentration. 33,174 ZCTAs with population > 0."
state,exact,0.04454698348244794,0.044546986277928774,0.06,1.3468925460158427,NST-EST2025-POP.xlsx,"NST-EST2025-POP, July 1, 2025 estimate. Headline = 50 states + DC (51 areas). With Puerto Rico included (52 areas): u_unbiased=4.381e-02, u_simple=4.381e-02."
city,exact,0.003120791978096987,0.0031207966005025764,0.01,3.2043148246291806,sub-est2025.csv,"SUB-EST2025 incorporated places + Census Designated Places (SUMLEV 162), 19,483 places nationwide, July 1, 2025 estimate. Caveat: this is Census place geography, not USPS mailing city -- many mailing addresses use a ZIP's default USPS city name that differs from (or spans multiple) Census places, so this likely understates true mailing-city concentration somewhat. No HUD_TOKEN was configured, so the alternate USPS-city-via-ZIP-crosswalk calculation was skipped (see download.py's printed manual-setup instructions)."
street_line_given_zip,exact,6.527187173652501e-05,0.0001443759127750659,,,acs5_zcta_household_size.json + acs5_zcta_population.json,"Same floor logic, but using the full household-size distribution (ACS B11016) instead of the ZCTA average: Σ_s households_of_size_s * s(s-1) / (P(P-1)), population-weighted implicitly via national summation. The '7-or-more-person' bucket is treated as exactly 7, which further understates the true value for that (small) subpopulation. u_unbiased column = household-size-distribution method; u_simple column = avg-household-size method. Co-resident FLOOR only: models P(two distinct people share a street address | same ZCTA) as (avg_household_size - 1) / (population - 1) via ACS B25010, population-weighted across ZCTAs, times P(same ZIP) from the ZCTA u-value. This ignores street-name collisions across different households within the same ZIP (e.g. two unrelated households both on '1st St'), so it UNDERSTATES true street-line agreement probability; treat as a lower bound, not a point estimate. u_street_given_zip (avg-size method) reported as u_simple; u_street_and_zip = u_street_given_zip * u_zip."
street_line_with_zip,exact,6.329849830708974e-09,1.4001097604901595e-08,3e-05,4739.448928860269,acs5_zcta_household_size.json + acs5_zcta_population.json,"Co-resident FLOOR only: models P(two distinct people share a street address | same ZCTA) as (avg_household_size - 1) / (population - 1) via ACS B25010, population-weighted across ZCTAs, times P(same ZIP) from the ZCTA u-value. This ignores street-name collisions across different households within the same ZIP (e.g. two unrelated households both on '1st St'), so it UNDERSTATES true street-line agreement probability; treat as a lower bound, not a point estimate. u_street_given_zip (avg-size method) reported as u_simple; u_street_and_zip = u_street_given_zip * u_zip."
